MUTATION	hgvs	codon	who_grade	score	STRUCT_R	n_solo	median_mic	frac_R	n_high	class	status
I194T	p.Ile194Thr	194	3.0	2.941	True	34	3.2	0.9705882352941176	29	contact	grade3
T162S	p.Thr162Ser	162	3.0	7.054	True	21	3.2	1.0	18	shell	grade3
E196A	p.Glu196Ala	196		3.195	True	10	1.6	0.8	10	contact	uncatalogued
P12R	p.Pro12Arg	12		8.829	True	9	3.2	0.8888888888888888	8	distal	uncatalogued
I21V	p.Ile21Val	21	3.0	2.776	True	5	3.2	0.6	4	contact	grade3
I21T	p.Ile21Thr	21	3.0	2.776	True	5	1.6	1.0	4	contact	grade3
S126N	p.Ser126Asn	126		6.881	True	5	0.05	0.2	4	shell	uncatalogued
A190S	p.Ala190Ser	190	3.0	5.64	True	3	3.2	1.0	1	shell	grade3
I95V	p.Ile95Val	95	3.0	3.238	True	2	0.6000000000000001	1.0	2	contact	grade3
V20I	p.Val20Ile	20		2.802	True	2	1.625	0.5	2	contact	uncatalogued
D195N	p.Asp195Asn	195		4.995	True	1	0.05	0.0	1	shell	uncatalogued
A202V	p.Ala202Val	202		7.84	True	1	0.0125	0.0	1	shell	uncatalogued
A93S	p.Ala93Ser	93		5.551	True	1	3.2	1.0	0	shell	uncatalogued
A235V	p.Ala235Val	235	3.0	7.387	True	1		0.0	1	shell	grade3
I16T	p.Ile16Thr	16	3.0	3.595	True	1	0.1	0.0	1	contact	grade3
G40W	p.Gly40Trp	40	3.0	4.63	True	1	3.2	1.0	1	shell	grade3
N130H	p.Asn130His	130		7.417	True	1	0.05	0.0	1	shell	uncatalogued
