who_pos	resname	min_dist	rsa	engineered	dist_zid_2idz	who_variants	best_grade	drugs	mech_class	n_solo_INH	median_mic_INH	fracR_INH	n_solo_ETH	median_mic_ETH	fracR_ETH
14	G	2.464	29.1498	False	2.688				direct contact						
21	I	2.776	38.416	False	2.805	inhA_p.Ile21Met;inhA_p.Ile21Thr;inhA_p.Ile21Val	3.0	Ethionamide+Isoniazid	direct contact	5.0	3.2	0.6	5.0	4.0	0.4
20	S	2.802	12.4669	False	2.469				direct contact	2.0	1.625	0.5	2.0	1.5	0.0
165	K	2.883	13.4652	False	2.93				direct contact						
194	I	2.941	12.9418	False	2.711	inhA_p.Ile194Thr	3.0	Ethionamide+Isoniazid	direct contact	34.0	3.2	0.9705882352941176	34.0	16.0	0.9411764705882352
64	D	3.035	38.0457	False	2.977				direct contact						
65	V	3.122	7.9751	False	2.899	inhA_p.Val65Ala	3.0	Isoniazid	direct contact						
96	G	3.177	51.4667	False	3.361				direct contact						
196	T	3.195	21.8556	False	3.011				direct contact	10.0	1.6	0.8	10.0	1.0	0.0
191	A	3.23	16.8889	False	3.004	inhA_p.Ala191Thr	3.0	Isoniazid	direct contact						
95	I	3.238	34.4987	False	3.137	inhA_p.Ile95Leu;inhA_p.Ile95Val	3.0	Ethionamide+Isoniazid	direct contact	2.0	0.6000000000000001	1.0	2.0	16.0	1.0
199	M	3.25	40.4851	False	3.588				direct contact						
63	L	3.287	10.8508	False	3.177				direct contact						
147	M	3.29	26.0674	False	3.226				direct contact						
122	I	3.341	22.9449	False	3.496				direct contact						
41	F	3.403	117.9876	False	3.365	inhA_p.Phe41Ser	3.0	Ethionamide+Isoniazid	direct contact						
94	S	3.482	17.4157	False	3.055	inhA_p.Ser94Ala	2.0	Ethionamide+Isoniazid	direct contact	37.0	1.6	0.8378378378378378	37.0	8.0	0.7027027027027027
15	I	3.5	9.9155	False	3.511	inhA_p.Ile15Leu	3.0	Isoniazid	direct contact						
148	D	3.525	6.5649	False	3.172				direct contact						
149	F	3.533	38.6441	False	3.315				direct contact						
192	G	3.545	8.7078	False	3.218				direct contact						
161	M	3.595	20.7672	False	3.715	inhA_p.Met161Val	3.0	Ethionamide	direct contact						
16	I	3.595	66.2834	False	3.27	inhA_p.Ile16Thr;inhA_p.Ile16Val	3.0	Ethionamide+Isoniazid	direct contact	1.0	0.1	0.0	1.0	8.0	1.0
222	W	3.619	37.4365	False	3.405				direct contact						
158	Y	3.798	30.309	False	3.515				direct contact						
193	P	3.832	21.7373	False	3.276				direct contact						
97	F	3.889	88.1569	False	4.275				direct contact						
66	Q	4.148	63.8349	False	4.239				direct contact						
155	M	4.148	45.285	False	4.231	inhA_p.Met155Ile;inhA_p.Met155Leu	3.0	Isoniazid	direct contact						
17	T	4.46	23.8802	False	4.877				direct contact						
198	A	4.512	68.9973	False	4.869				pocket shell						
22	A	4.553	0.0	False	4.388	inhA_p.Ala22Ser	3.0	Ethionamide+Isoniazid	pocket shell						
40	G	4.63	2.4153	False	5.46	inhA_p.Gly40Trp	3.0	Ethionamide+Isoniazid	pocket shell	1.0	3.2	1.0	1.0	4.0	0.0
218	L	4.654	30.0545	False	4.306				pocket shell						
195	R	4.995	77.1341	False	5.142				pocket shell	1.0	0.05	0.0	1.0	1.0	0.0
39	T	5.191	13.8107	False	6.291				pocket shell						
19	S	5.436	33.7957	False	4.958	inhA_p.Ser19Ala;inhA_p.Ser19Leu	3.0	Isoniazid	pocket shell						
93	H	5.551	4.6024	False	5.255				pocket shell	1.0	3.2	1.0	1.0	4.0	0.0
150	D	5.559	47.6591	False	5.29				pocket shell						
13	S	5.635	1.2076	False	5.718				pocket shell						
190	A	5.64	1.2076	False	5.776	inhA_p.Ala190Ser	3.0	Ethionamide+Isoniazid	pocket shell	3.0	3.2	1.0	3.0	1.0	0.0
189	V	5.668	0.0	False	5.512	inhA_p.Val189Ile	3.0	Isoniazid	pocket shell						
123	S	5.727	1.0715	False	5.814				pocket shell						
197	L	5.812	109.758	False	6.138				pocket shell						
42	D	6.035	102.4133	False	6.248	inhA_p.Asp42Ala	3.0	Isoniazid	pocket shell						
67	N	6.311	49.0787	False	6.361				pocket shell						
232	M	6.534	42.1677	False	6.838				pocket shell						
47	I	6.597	1.2076	False	5.449				pocket shell						
23	F	6.623	22.9449	False	6.429				pocket shell						
146	G	6.841	1.2076	False	6.195				pocket shell						
126	S	6.881	1.2076	False	6.53				pocket shell	5.0	0.05	0.2	5.0	0.5	0.0
98	M	6.941	11.8303	False	7.42				pocket shell						
103	M	7.018	26.4685	False	8.096	inhA_p.Met103Val	3.0	Isoniazid	pocket shell						
162	T	7.054	10.7325	False	6.359	inhA_p.Thr162Met;inhA_p.Thr162Ser	3.0	Ethionamide+Isoniazid	pocket shell	21.0	3.2	1.0	21.0	2.0	0.0952380952380952
261	D	7.066	5.3794	False	6.75				pocket shell						
230	W	7.108	25.8172	False	6.48				pocket shell						
43	R	7.165	136.1326	False	6.968				pocket shell						
238	V	7.18	0.0	False	6.826				pocket shell						
219	E	7.194	17.4157	False	6.68	inhA_p.Glu219Ala	3.0	Isoniazid	pocket shell						
118	K	7.202	95.1014	False	6.521	inhA_p.Lys118Glu	3.0	Isoniazid	pocket shell						
121	H	7.225	60.6299	False	7.186				pocket shell						
156	P	7.261	69.9284	False	7.244				pocket shell						
260	A	7.361	10.8687	False	7.405				pocket shell						
235	A	7.387	3.5088	False	7.397	inhA_p.Ala235Thr;inhA_p.Ala235Val	3.0	Ethionamide+Isoniazid	pocket shell	1.0		0.0	1.0	4.0	0.0
215	I	7.397	8.4534	False	7.3				pocket shell						
168	L	7.4	3.6229	False	5.794				pocket shell						
225	R	7.411	62.4324	False	7.298				pocket shell						
130	M	7.417	6.1173	False	6.858	inhA_p.Met130Val	3.0	Ethionamide+Isoniazid	pocket shell	1.0	0.05	0.0	1.0	1.0	0.0
25	I	7.466	0.0	False	6.898				pocket shell						
62	E	7.523	95.3922	False	7.409				pocket shell						
151	P	7.584	19.5586	False	7.172				pocket shell						
18	D	7.67	105.1749	False	7.142				pocket shell						
24	H	7.7	41.8108	False	7.555	inhA_p.His24Gln	3.0	Isoniazid	pocket shell						
200	S	7.73	45.0371	False	7.479				pocket shell						
202	I	7.84	19.3221	False	8.872				pocket shell	1.0	0.0125	0.0	1.0	0.125	0.0
119	G	8.015	0.0	False	8.271				distal						
70	H	8.05	30.9422	False	7.121	inhA_p.His70Asp	3.0	Isoniazid	distal						
157	A	8.078	8.9104	False	8.293				distal						
124	A	8.137	2.4153	False	7.89	inhA_p.Ala124Val	3.0	Ethionamide+Isoniazid	distal						
61	L	8.336	22.9449	False	8.456	inhA_p.Leu61Val	3.0	Isoniazid	distal						
153	R	8.411	182.4131	False	8.118				distal						
164	A	8.431	0.0	False	8.165				distal						
233	K	8.439	141.375	False	8.977	inhA_p.Lys233Thr	3.0	Ethionamide+Isoniazid	distal						
92	V	8.49	0.0	False	7.985	inhA_p.Val92Met	3.0	Ethionamide+Isoniazid	distal						
203	V	8.491	25.4606	False	8.523	inhA_p.Val203Ala	3.0	Ethionamide+Isoniazid	distal	2.0	0.05	0.0	2.0	1.0	0.0
234	D	8.571	60.1558	False	9.475				distal						
44	L	8.601	40.7172	False	8.836				distal						
264	A	8.617	4.5582	False	8.273				distal						
159	N	8.667	32.571	False	8.471				distal						
46	L	8.685	59.9253	False	8.2				distal						
71	L	8.692	27.7576	False	8.047				distal	2.0	0.80625	0.5	2.0	1.0	0.0
231	N	8.796	64.137	False	9.221	inhA_p.Asn231Asp;inhA_p.Asn231Lys	3.0	Ethionamide+Isoniazid	distal	1.0	0.0125	0.0	1.0	0.125	0.0
12	V	8.829	0.0	False	8.505	inhA_p.Val12Ile	3.0	Isoniazid	distal	9.0	3.2	0.8888888888888888	9.0	1.0	0.3333333333333333
50	I	8.918	13.1477	False	8.949	inhA_p.Ile50Val	3.0	Isoniazid	distal						
242	V	8.948	0.0	False	8.351				distal						
265	H	9.099	73.495	False	8.774				distal						
145	V	9.163	0.0	False	8.828				distal						
127	Y	9.202	2.2791	False	8.596				distal						
214	Q	9.26	63.8689	False	9.237	inhA_p.Gln214Arg	3.0	Isoniazid	distal						
169	E	9.342	27.9941	False	9.449				distal						
188	L	9.345	0.0	False	8.409				distal						
129	S	9.348	21.2148	False	9.25				distal						
99	P	9.357	22.9449	False	9.347				distal						
259	Y	9.362	82.4862	False	8.878				distal						
258	I	9.454	49.5128	False	9.646				distal						
152	S	9.53	82.5961	False	9.107				distal						
74	L	9.53	1.2076	False	9.499				distal						
154	A	9.571	110.0218	False	9.039				distal						
60	L	9.698	39.0917	False	9.313				distal						
68	E	9.754	146.8275	False	9.218				distal						
38	L	9.756	3.6229	False	9.999				distal						
51	T	9.786	10.8508	False	9.388	inhA_p.Thr51Ala	3.0	Ethionamide	distal						
120	I	9.892	44.6822	False	9.695				distal						
257	I	9.896	40.633	False	10.009				distal						
217	L	9.96	112.1554	False	9.942				distal						
239	A	10.054	0.0	False	9.7	inhA_p.Ala239Thr;inhA_p.Ala239Val	3.0	Ethionamide+Isoniazid	distal	1.0	0.2	1.0	1.0	16.0	1.0
221	G	10.055	15.449	False	9.901	inhA_p.Gly221Ser	3.0	Ethionamide+Isoniazid	distal						
163	V	10.059	60.2452	False	9.886				distal						
160	W	10.069	57.9662	False	9.928				distal						
201	A	10.092	49.1264	False	9.883	inhA_p.Ala201Thr	3.0	Ethionamide+Isoniazid	distal						
166	S	10.104	56.5508	False	9.935				distal						
220	E	10.197	118.8895	False	10.09				distal						
77	R	10.21	48.3724	False	9.947				distal						
125	Y	10.215	140.6805	False	10.116				distal						
216	Q	10.239	78.9349	False	10.085	inhA_p.Gln216Arg	3.0	Isoniazid	distal						
236	T	10.258	39.0168	False	10.761	inhA_p.Thr236Met	3.0	Ethionamide+Isoniazid	distal	1.0	0.0125	0.0	1.0	1.0	0.0
262	G	10.29	13.535	False	9.619				distal						
117	S	10.344	41.5325	False	10.092				distal						
11	L	10.346	2.4153	False	9.724				distal						
237	P	10.367	51.3833	False	11.668				distal						
223	D	10.509	77.317	False	9.95				distal						
26	A	10.552	2.4153	False	10.24	inhA_p.Ala26Thr	3.0	Isoniazid	distal						
211	A	10.888	3.3948	False	10.695				distal						
48	Q	10.966	82.6906	False	10.792				distal						
115	D	11.21	49.4233	False	11.182				distal						
263	G	11.275	17.8863	False	10.985				distal						
187	N	11.28	2.1872	False	10.605				distal						
45	R	11.435	196.8791	False	11.271				distal						
104	G	11.457	23.8666	False	11.728				distal						
167	A	11.579	27.7754	False	11.248				distal						
226	A	11.579	7.5002	False	11.149				distal						
102	G	11.63	1.2076	False	12.012				distal						
69	E	11.632	132.5419	False	11.398				distal						
100	Q	11.791	116.8403	False	11.827	inhA_p.Gln100His	3.0	Isoniazid	distal	1.0	3.2	1.0	1.0	1.0	0.0
241	T	11.812	29.7643	False	11.692				distal						
134	L	11.869	1.2076	False	11.344				distal						
91	V	12.008	3.6229	False	11.713	inhA_p.Val91Ala	3.0	Ethionamide+Isoniazid	distal	1.0	0.05	0.0	1.0	2.0	0.0
207	L	12.012	24.1526	False	11.411				distal						
266	T	12.02	85.5339	False	11.612	inhA_p.Thr266Ala	3.0	Isoniazid	distal						
37	V	12.072	0.0	False	12.26				distal						
212	G	12.126	4.6943	False	11.837	inhA_p.Gly212Ser	3.0	Ethionamide+Isoniazid	distal	1.0	0.0125	0.0	1.0	1.0	0.0
128	A	12.257	35.548	False	11.951				distal						
116	V	12.32	1.2076	False	11.84				distal						
54	L	12.33	10.9869	False	12.164				distal	2.0	3.2	1.0	2.0	4.5	0.5
27	R	12.339	76.2355	False	12.047	inhA_p.Arg27Trp	3.0	Ethionamide+Isoniazid	distal						
213	A	12.342	40.6509	False	12.412	inhA_p.Ala213Val	3.0	Isoniazid	distal						
204	G	12.346	65.5489	False	12.345				distal						
229	G	12.456	15.1766	False	12.048				distal						
133	A	12.467	10.5963	False	11.983	inhA_p.Ala133Thr	3.0	Ethionamide+Isoniazid	distal	1.0	0.0125	0.0	1.0	0.5	0.0
72	A	12.481	76.8439	False	12.179				distal						
114	A	12.516	73.2134	False	12.179	inhA_p.Ala114Gly;inhA_p.Ala114Thr	3.0	Ethionamide+Isoniazid	distal						
245	L	12.576	2.2791	False	12.487				distal						
267	Q	12.577	79.0897	False	13.012				distal						
240	K	12.595	122.6317	False	12.255				distal						
172	N	12.644	1.0936	False	11.664				distal						
224	Q	12.691	155.0375	False	12.469				distal						
256	D	12.716	67.9104	False	12.881				distal						
131	A	12.73	7.1096	False	12.062				distal						
49	R	12.767	129.3447	False	12.784				distal						
171	V	12.797	38.5079	False	12.212	inhA_p.Val171Ile	3.0	Ethionamide+Isoniazid	distal	2.0	0.0125	0.0	2.0	1.5	0.0
59	P	13.179	42.267	False	13.47				distal						
144	I	13.19	4.8305	False	12.208				distal						
170	S	13.329	38.7266	False	12.952				distal						
243	C	13.343	2.4153	False	12.767				distal						
78	V	13.392	0.0	False	13.604	inhA_p.Val78Ala	3.0	Ethionamide+Isoniazid	distal	6.0	0.0125	0.0	6.0	0.5	0.0
73	S	13.508	53.3364	False	12.684				distal						
206	A	13.514	66.2297	False	12.604				distal						
28	V	13.612	3.6229	False	13.124	inhA_p.Val28Leu	3.0	Isoniazid	distal						
210	E	13.666	130.1845	False	13.431				distal						
52	D	13.979	95.1233	False	13.845	inhA_p.Asp52Gly	3.0	Ethionamide+Isoniazid	distal	1.0	0.0125	0.0	1.0	1.0	0.0
36	L	14.029	5.4237	False	13.793				distal						
108	F	14.061	79.1111	False	13.554				distal						
105	I	14.11	88.6479	False	13.859				distal						
246	L	14.121	10.8508	False	13.239				distal						
268	L	14.124	148.0906	False	13.03	inhA_p.Leu268Phe	3.0	Isoniazid	distal						
205	G	14.13	29.7464	False	14.118				distal						
10	I	14.311	1.2076	False	14.347				distal	1.0	25.6	1.0	1.0	1.0	0.0
101	T	14.335	23.4019	False	14.708				distal						
75	A	14.336	28.8469	False	13.878				distal						
227	P	14.52	93.4605	False	13.784				distal						
132	K	14.557	159.3124	False	14.045				distal						
186	S	14.564	0.0	False	13.429				distal						
29	A	14.865	1.2076	False	14.398				distal						
113	Y	14.939	157.7864	False	14.783				distal						
175	V	14.976	9.661	False	13.973				distal						
106	N	15.003	48.0174	False	15.441				distal						
228	I	15.09	151.2905	False	14.416	inhA_p.Ile228Val	3.0	Ethionamide+Isoniazid	distal	6.0	0.03125	0.1666666666666666	6.0	1.5	0.0
208	G	15.122	20.4156	False	15.162				distal	1.0	0.05	0.0	1.0	2.0	0.0
53	R	15.122	162.0587	False	14.386				distal						
58	A	15.259	32.1361	False	14.514	inhA_p.Ala58Val	3.0	Isoniazid	distal						
88	L	15.3	0.0	False	14.891				distal						
90	G	15.408	0.0	False	15.374				distal						
173	R	15.575	129.897	False	14.669				distal						
143	S	15.583	0.0	False	15.196	inhA_p.Ser143Cys	3.0	Isoniazid	distal						
244	A	15.661	28.9831	False	15.049				distal						
269	L	15.714	177.9629	False	14.991				distal						
209	E	15.717	116.076	False	15.545	inhA_p.Glu209Gly	3.0	Ethionamide+Isoniazid	distal	2.0	3.2	1.0	2.0	1.0	0.0
112	P	15.971	64.0043	False	16.159				distal						
30	Q	16.143	28.4469	False	15.883				distal						
255	G	16.275	18.351	False	15.887				distal						
107	P	16.336	74.8729	False	16.991	inhA_p.Pro107Ser	3.0	Ethionamide+Isoniazid	distal						
55	P	16.434	85.4198	False	16.295	inhA_p.Pro55Leu	3.0	Isoniazid	distal						
76	G	16.579	40.0364	False	16.421	inhA_p.Gly76Asp;inhA_p.Gly76Ser	3.0	Ethionamide+Isoniazid	distal	1.0	0.05	0.0	1.0	1.0	0.0
31	E	16.64	90.9915	False	16.477	inhA_p.Glu31Lys	3.0	Isoniazid	distal						
135	L	16.696	15.6992	False	16.224				distal	1.0	0.0125	0.0	1.0	1.0	0.0
111	A	16.806	16.2081	False	16.671				distal						
5	L	17.0	0.0	False	16.752				distal						
185	R	17.0	17.3161	False	16.155				distal						
250	L	17.08	47.0975	False	17.016				distal						
81	A	17.203	41.941	False	16.928				distal	4.0	0.03125	0.0	4.0	0.75	0.0
137	I	17.234	33.8136	False	16.264				distal						
138	M	17.262	6.6441	False	16.795				distal						
56	A	17.375	48.0328	False	16.759				distal						
174	F	17.507	147.0404	False	16.674				distal						
80	E	17.558	141.1578	False	18.802	inhA_p.Glu80Ala	3.0	Ethionamide+Isoniazid	distal	1.0	0.05	0.0	1.0	1.0	0.0
253	T	17.686	35.0212	False	17.458				distal						
79	T	17.702	30.4451	False	17.492				distal						
176	A	17.775	21.5832	False	16.737				distal						
109	F	17.945	180.7263	False	18.128				distal						
57	K	17.987	187.0776	False	17.243				distal						
247	S	18.139	3.4867	False	17.761				distal						
254	T	18.184	49.9161	False	17.713				distal						
35	Q	18.231	75.4678	False	17.894	inhA_p.Gln35Arg	3.0	Ethionamide+Isoniazid	distal	1.0	3.2	1.0	1.0	4.0	0.0
9	R	18.468	62.5626	False	18.457				distal	1.0	0.05	0.0	1.0	1.0	0.0
136	P	18.536	83.0182	False	17.688				distal						
32	Q	18.855	46.3638	False	18.727				distal						
89	D	18.904	30.6817	False	18.607	inhA_p.Asp89Asn	3.0	Ethionamide+Isoniazid	distal	1.0	0.05	0.0	1.0	1.0	0.0
82	I	18.953	12.1946	False	18.359				distal						
34	A	19.108	10.8508	False	18.204				distal						
184	V	19.198	5.4935	False	18.284				distal						
4	L	19.232	81.9442	False	18.363				distal	4.0	0.05	0.0	4.0	2.0	0.0
110	D	19.43	94.9692	False	19.6				distal						
179	A	19.46	0.0	False	18.27				distal						
142	G	19.729	3.6229	False	19.051	inhA_p.Gly142Ser	3.0	Isoniazid	distal						
177	R	20.384	166.6671	False	19.483				distal						
178	E	21.039	94.7506	False	19.84				distal						
8	K	21.073	45.3648	False	20.442				distal						
87	K	21.197	80.8404	False	20.482				distal						
33	G	21.329	29.7643	False	20.557	inhA_p.Gly33Asp;inhA_p.Gly33Ser	3.0	Isoniazid	distal						
248	D	21.472	85.7746	False	21.272	inhA_p.Asp248Asn	3.0	Ethionamide+Isoniazid	distal	1.0	0.0125	0.0	1.0	0.5	0.0
249	W	21.787	176.9639	False	21.476				distal						
83	G	22.001	21.7373	False	21.818	inhA_p.Gly83Arg	3.0	Ethionamide+Isoniazid	distal	1.0	0.0125	0.0	1.0	0.5	0.0
141	G	22.122	50.2063	False	21.632	inhA_p.Gly141Arg	3.0	Isoniazid	distal						
86	N	22.167	53.3339	False	21.74				distal						
252	A	22.25	94.3958	False	22.088	inhA_p.Ala252Thr;inhA_p.Ala252Val	3.0	Isoniazid	distal						
182	Y	22.277	104.5657	False	21.426	inhA_p.Tyr182His	3.0	Ethionamide+Isoniazid	distal						
180	G	22.287	39.6798	False	21.179				distal						
139	N	22.288	39.9496	False	21.747	inhA_p.Asn139Ser;inhA_p.Asn139Tyr	3.0	Isoniazid	distal						
251	P	22.35	92.9337	False	22.152				distal						
3	G	23.013	33.2434	False	23.219				distal						
6	D	23.044	79.9688	False	22.911				distal						
183	G	23.703	35.1395	False	22.804	inhA_p.Gly183Arg;inhA_p.Gly183Asp;inhA_p.Gly183Ser	3.0	Isoniazid	distal						
84	A	24.053	95.3719	False	24.061	inhA_p.Ala84Thr	3.0	Ethionamide	distal						
7	G	24.332	63.5421	False	23.633				distal						
2	A	24.905	114.4667	True	25.817	inhA_p.Thr2Ala;inhA_p.Thr2Pro	3.0	Ethionamide+Isoniazid	distal						
181	K	24.992	157.8035	False	23.775				distal						
140	P	25.107	95.8936	False	24.538	inhA_p.Pro140Leu	3.0	Isoniazid	distal						
85	G	25.211	77.7621	False	25.216				distal						
