who_pos	resname	min_dist	rsa	engineered	dist_zid_2idz
2	A	24.905	114.4667	True	25.817
3	G	23.013	33.2434	False	23.219
4	L	19.232	81.9442	False	18.363
5	L	17.0	0.0	False	16.752
6	D	23.044	79.9688	False	22.911
7	G	24.332	63.5421	False	23.633
8	K	21.073	45.3648	False	20.442
9	R	18.468	62.5626	False	18.457
10	I	14.311	1.2076	False	14.347
11	L	10.346	2.4153	False	9.724
12	V	8.829	0.0	False	8.505
13	S	5.635	1.2076	False	5.718
14	G	2.464	29.1498	False	2.688
15	I	3.5	9.9155	False	3.511
16	I	3.595	66.2834	False	3.27
17	T	4.46	23.8802	False	4.877
18	D	7.67	105.1749	False	7.142
19	S	5.436	33.7957	False	4.958
20	S	2.802	12.4669	False	2.469
21	I	2.776	38.416	False	2.805
22	A	4.553	0.0	False	4.388
23	F	6.623	22.9449	False	6.429
24	H	7.7	41.8108	False	7.555
25	I	7.466	0.0	False	6.898
26	A	10.552	2.4153	False	10.24
27	R	12.339	76.2355	False	12.047
28	V	13.612	3.6229	False	13.124
29	A	14.865	1.2076	False	14.398
30	Q	16.143	28.4469	False	15.883
31	E	16.64	90.9915	False	16.477
32	Q	18.855	46.3638	False	18.727
33	G	21.329	29.7643	False	20.557
34	A	19.108	10.8508	False	18.204
35	Q	18.231	75.4678	False	17.894
36	L	14.029	5.4237	False	13.793
37	V	12.072	0.0	False	12.26
38	L	9.756	3.6229	False	9.999
39	T	5.191	13.8107	False	6.291
40	G	4.63	2.4153	False	5.46
41	F	3.403	117.9876	False	3.365
42	D	6.035	102.4133	False	6.248
43	R	7.165	136.1326	False	6.968
44	L	8.601	40.7172	False	8.836
45	R	11.435	196.8791	False	11.271
46	L	8.685	59.9253	False	8.2
47	I	6.597	1.2076	False	5.449
48	Q	10.966	82.6906	False	10.792
49	R	12.767	129.3447	False	12.784
50	I	8.918	13.1477	False	8.949
51	T	9.786	10.8508	False	9.388
52	D	13.979	95.1233	False	13.845
53	R	15.122	162.0587	False	14.386
54	L	12.33	10.9869	False	12.164
55	P	16.434	85.4198	False	16.295
56	A	17.375	48.0328	False	16.759
57	K	17.987	187.0776	False	17.243
58	A	15.259	32.1361	False	14.514
59	P	13.179	42.267	False	13.47
60	L	9.698	39.0917	False	9.313
61	L	8.336	22.9449	False	8.456
62	E	7.523	95.3922	False	7.409
63	L	3.287	10.8508	False	3.177
64	D	3.035	38.0457	False	2.977
65	V	3.122	7.9751	False	2.899
66	Q	4.148	63.8349	False	4.239
67	N	6.311	49.0787	False	6.361
68	E	9.754	146.8275	False	9.218
69	E	11.632	132.5419	False	11.398
70	H	8.05	30.9422	False	7.121
71	L	8.692	27.7576	False	8.047
72	A	12.481	76.8439	False	12.179
73	S	13.508	53.3364	False	12.684
74	L	9.53	1.2076	False	9.499
75	A	14.336	28.8469	False	13.878
76	G	16.579	40.0364	False	16.421
77	R	10.21	48.3724	False	9.947
78	V	13.392	0.0	False	13.604
79	T	17.702	30.4451	False	17.492
80	E	17.558	141.1578	False	18.802
81	A	17.203	41.941	False	16.928
82	I	18.953	12.1946	False	18.359
83	G	22.001	21.7373	False	21.818
84	A	24.053	95.3719	False	24.061
85	G	25.211	77.7621	False	25.216
86	N	22.167	53.3339	False	21.74
87	K	21.197	80.8404	False	20.482
88	L	15.3	0.0	False	14.891
89	D	18.904	30.6817	False	18.607
90	G	15.408	0.0	False	15.374
91	V	12.008	3.6229	False	11.713
92	V	8.49	0.0	False	7.985
93	H	5.551	4.6024	False	5.255
94	S	3.482	17.4157	False	3.055
95	I	3.238	34.4987	False	3.137
96	G	3.177	51.4667	False	3.361
97	F	3.889	88.1569	False	4.275
98	M	6.941	11.8303	False	7.42
99	P	9.357	22.9449	False	9.347
100	Q	11.791	116.8403	False	11.827
101	T	14.335	23.4019	False	14.708
102	G	11.63	1.2076	False	12.012
103	M	7.018	26.4685	False	8.096
104	G	11.457	23.8666	False	11.728
105	I	14.11	88.6479	False	13.859
106	N	15.003	48.0174	False	15.441
107	P	16.336	74.8729	False	16.991
108	F	14.061	79.1111	False	13.554
109	F	17.945	180.7263	False	18.128
110	D	19.43	94.9692	False	19.6
111	A	16.806	16.2081	False	16.671
112	P	15.971	64.0043	False	16.159
113	Y	14.939	157.7864	False	14.783
114	A	12.516	73.2134	False	12.179
115	D	11.21	49.4233	False	11.182
116	V	12.32	1.2076	False	11.84
117	S	10.344	41.5325	False	10.092
118	K	7.202	95.1014	False	6.521
119	G	8.015	0.0	False	8.271
120	I	9.892	44.6822	False	9.695
121	H	7.225	60.6299	False	7.186
122	I	3.341	22.9449	False	3.496
123	S	5.727	1.0715	False	5.814
124	A	8.137	2.4153	False	7.89
125	Y	10.215	140.6805	False	10.116
126	S	6.881	1.2076	False	6.53
127	Y	9.202	2.2791	False	8.596
128	A	12.257	35.548	False	11.951
129	S	9.348	21.2148	False	9.25
130	M	7.417	6.1173	False	6.858
131	A	12.73	7.1096	False	12.062
132	K	14.557	159.3124	False	14.045
133	A	12.467	10.5963	False	11.983
134	L	11.869	1.2076	False	11.344
135	L	16.696	15.6992	False	16.224
136	P	18.536	83.0182	False	17.688
137	I	17.234	33.8136	False	16.264
138	M	17.262	6.6441	False	16.795
139	N	22.288	39.9496	False	21.747
140	P	25.107	95.8936	False	24.538
141	G	22.122	50.2063	False	21.632
142	G	19.729	3.6229	False	19.051
143	S	15.583	0.0	False	15.196
144	I	13.19	4.8305	False	12.208
145	V	9.163	0.0	False	8.828
146	G	6.841	1.2076	False	6.195
147	M	3.29	26.0674	False	3.226
148	D	3.525	6.5649	False	3.172
149	F	3.533	38.6441	False	3.315
150	D	5.559	47.6591	False	5.29
151	P	7.584	19.5586	False	7.172
152	S	9.53	82.5961	False	9.107
153	R	8.411	182.4131	False	8.118
154	A	9.571	110.0218	False	9.039
155	M	4.148	45.285	False	4.231
156	P	7.261	69.9284	False	7.244
157	A	8.078	8.9104	False	8.293
158	Y	3.798	30.309	False	3.515
159	N	8.667	32.571	False	8.471
160	W	10.069	57.9662	False	9.928
161	M	3.595	20.7672	False	3.715
162	T	7.054	10.7325	False	6.359
163	V	10.059	60.2452	False	9.886
164	A	8.431	0.0	False	8.165
165	K	2.883	13.4652	False	2.93
166	S	10.104	56.5508	False	9.935
167	A	11.579	27.7754	False	11.248
168	L	7.4	3.6229	False	5.794
169	E	9.342	27.9941	False	9.449
170	S	13.329	38.7266	False	12.952
171	V	12.797	38.5079	False	12.212
172	N	12.644	1.0936	False	11.664
173	R	15.575	129.897	False	14.669
174	F	17.507	147.0404	False	16.674
175	V	14.976	9.661	False	13.973
176	A	17.775	21.5832	False	16.737
177	R	20.384	166.6671	False	19.483
178	E	21.039	94.7506	False	19.84
179	A	19.46	0.0	False	18.27
180	G	22.287	39.6798	False	21.179
181	K	24.992	157.8035	False	23.775
182	Y	22.277	104.5657	False	21.426
183	G	23.703	35.1395	False	22.804
184	V	19.198	5.4935	False	18.284
185	R	17.0	17.3161	False	16.155
186	S	14.564	0.0	False	13.429
187	N	11.28	2.1872	False	10.605
188	L	9.345	0.0	False	8.409
189	V	5.668	0.0	False	5.512
190	A	5.64	1.2076	False	5.776
191	A	3.23	16.8889	False	3.004
192	G	3.545	8.7078	False	3.218
193	P	3.832	21.7373	False	3.276
194	I	2.941	12.9418	False	2.711
195	R	4.995	77.1341	False	5.142
196	T	3.195	21.8556	False	3.011
197	L	5.812	109.758	False	6.138
198	A	4.512	68.9973	False	4.869
199	M	3.25	40.4851	False	3.588
200	S	7.73	45.0371	False	7.479
201	A	10.092	49.1264	False	9.883
202	I	7.84	19.3221	False	8.872
203	V	8.491	25.4606	False	8.523
204	G	12.346	65.5489	False	12.345
205	G	14.13	29.7464	False	14.118
206	A	13.514	66.2297	False	12.604
207	L	12.012	24.1526	False	11.411
208	G	15.122	20.4156	False	15.162
209	E	15.717	116.076	False	15.545
210	E	13.666	130.1845	False	13.431
211	A	10.888	3.3948	False	10.695
212	G	12.126	4.6943	False	11.837
213	A	12.342	40.6509	False	12.412
214	Q	9.26	63.8689	False	9.237
215	I	7.397	8.4534	False	7.3
216	Q	10.239	78.9349	False	10.085
217	L	9.96	112.1554	False	9.942
218	L	4.654	30.0545	False	4.306
219	E	7.194	17.4157	False	6.68
220	E	10.197	118.8895	False	10.09
221	G	10.055	15.449	False	9.901
222	W	3.619	37.4365	False	3.405
223	D	10.509	77.317	False	9.95
224	Q	12.691	155.0375	False	12.469
225	R	7.411	62.4324	False	7.298
226	A	11.579	7.5002	False	11.149
227	P	14.52	93.4605	False	13.784
228	I	15.09	151.2905	False	14.416
229	G	12.456	15.1766	False	12.048
230	W	7.108	25.8172	False	6.48
231	N	8.796	64.137	False	9.221
232	M	6.534	42.1677	False	6.838
233	K	8.439	141.375	False	8.977
234	D	8.571	60.1558	False	9.475
235	A	7.387	3.5088	False	7.397
236	T	10.258	39.0168	False	10.761
237	P	10.367	51.3833	False	11.668
238	V	7.18	0.0	False	6.826
239	A	10.054	0.0	False	9.7
240	K	12.595	122.6317	False	12.255
241	T	11.812	29.7643	False	11.692
242	V	8.948	0.0	False	8.351
243	C	13.343	2.4153	False	12.767
244	A	15.661	28.9831	False	15.049
245	L	12.576	2.2791	False	12.487
246	L	14.121	10.8508	False	13.239
247	S	18.139	3.4867	False	17.761
248	D	21.472	85.7746	False	21.272
249	W	21.787	176.9639	False	21.476
250	L	17.08	47.0975	False	17.016
251	P	22.35	92.9337	False	22.152
252	A	22.25	94.3958	False	22.088
253	T	17.686	35.0212	False	17.458
254	T	18.184	49.9161	False	17.713
255	G	16.275	18.351	False	15.887
256	D	12.716	67.9104	False	12.881
257	I	9.896	40.633	False	10.009
258	I	9.454	49.5128	False	9.646
259	Y	9.362	82.4862	False	8.878
260	A	7.361	10.8687	False	7.405
261	D	7.066	5.3794	False	6.75
262	G	10.29	13.535	False	9.619
263	G	11.275	17.8863	False	10.985
264	A	8.617	4.5582	False	8.273
265	H	9.099	73.495	False	8.774
266	T	12.02	85.5339	False	11.612
267	Q	12.577	79.0897	False	13.012
268	L	14.124	148.0906	False	13.03
269	L	15.714	177.9629	False	14.991
