auth_num	resn	aa	min_dist	who_pos	who_aa	chain
28	SER	S	31.88606549889778	22	S	C
29	ASN	N	28.310409834546718	23	N	C
30	ASN	N	25.96329058497786	24	N	C
31	SER	S	31.24392262504821	25	S	C
32	VAL	V	30.331555977232682	26	V	C
33	PRO	P	28.048129509826506	27	P	C
34	GLY	G	31.31889905472414	28	G	C
35	ALA	A	28.637129971419977	29	A	C
36	PRO	P	28.806086266620806	30	P	C
37	ASN	N	31.66682368031249	31	N	C
38	ARG	R	25.69265291868475	32	R	C
39	VAL	V	30.215560660030775	33	V	C
40	SER	S	29.172025298220202	34	S	C
41	PHE	F	29.42071059644889	35	F	C
42	ALA	A	30.62000816459719	36	A	C
43	LYS	K	30.79545690519949	37	K	C
44	LEU	L	32.66555863597008	38	L	C
45	ARG	R	26.32642979972789	39	R	C
46	GLU	E	32.01541336606477	40	E	C
47	PRO	P	29.73144199328382	41	P	C
48	LEU	L	25.70716330130574	42	L	C
49	GLU	E	25.166467551088708	43	E	C
50	VAL	V	20.746444852070443	44	V	C
51	PRO	P	20.9383277985612	45	P	C
52	GLY	G	19.191294432632734	46	G	C
53	LEU	L	15.855649371753898	47	L	C
54	LEU	L	14.458216937091517	48	L	C
55	ASP	D	17.1656306321673	49	D	C
56	VAL	V	12.853327156810405	50	V	C
57	GLN	Q	10.387559386111832	51	Q	C
58	THR	T	16.89980476218586	52	T	C
59	ASP	D	19.08473929609729	53	D	C
60	SER	S	15.595578283603336	54	S	C
61	PHE	F	17.771953803676173	55	F	C
62	GLU	E	20.64794539415484	56	E	C
63	TRP	W	18.40346570621958	57	W	C
64	LEU	L	18.3976207429113	58	L	C
65	ILE	I	22.348169253878496	59	I	C
66	GLY	G	24.70815341137414	60	G	C
67	SER	S	25.683176147042246	61	S	C
68	PRO	P	29.16219446475179	62	P	C
69	ARG	R	24.771154615802615	63	R	C
70	TRP	W	24.691640812226304	64	W	C
71	ARG	R	28.682485195672985	65	R	C
72	GLU	E	30.627167090672945	66	E	C
73	SER	S	26.28132888573179	67	S	C
74	ALA	A	28.86215198144448	68	A	C
75	ALA	A	31.422572873652477	69	A	C
76	GLU	E	31.37379404853675	70	E	C
77	ARG	R	23.334974137547285	71	R	C
78	GLY	G	32.09505681565309	72	G	C
79	ASP	D	27.234276307623816	73	D	C
80	VAL	V	31.892153188519586	74	V	C
81	ASN	N	30.921851965883288	75	N	C
82	PRO	P	29.286473550087937	76	P	C
83	VAL	V	25.434854196554774	77	V	C
84	GLY	G	24.3943292385751	78	G	C
85	GLY	G	22.155701252725	79	G	C
86	LEU	L	22.95738578322889	80	L	C
87	GLU	E	26.02038927456697	81	E	C
88	GLU	E	22.779526443716954	82	E	C
89	VAL	V	22.39512772903963	83	V	C
90	LEU	L	26.93252659889154	84	L	C
91	TYR	Y	29.086923195828046	85	Y	C
92	GLU	E	24.096888284589767	86	E	C
93	LEU	L	28.56785819763183	87	L	C
94	SER	S	31.330960183179833	88	S	C
95	PRO	P	34.556731818851155	89	P	C
96	ILE	I	31.988710961837775	90	I	C
97	GLU	E	36.86988058022429	91	E	C
98	ASP	D	39.27639170035862	92	D	C
99	PHE	F	40.54007189189481	93	F	C
100	SER	S	43.19077960630024	94	S	C
101	GLY	G	43.39996268431576	95	G	C
102	SER	S	44.60246202845758	96	S	C
103	MET	M	40.99149008025935	97	M	C
104	SER	S	39.293813622502974	98	S	C
105	LEU	L	34.657305449212295	99	L	C
106	SER	S	34.97930406683358	100	S	C
107	PHE	F	31.397400322319683	101	F	C
108	SER	S	33.340359341194876	102	S	C
109	ASP	D	32.24407762675186	103	D	C
110	PRO	P	28.66741182946239	104	P	C
111	ARG	R	29.18109905401098	105	R	C
112	PHE	F	23.997666178193256	106	F	C
113	ASP	D	27.736345631679736	107	D	C
114	ASP	D	27.110787723708796	108	D	C
115	VAL	V	22.716692959143497	109	V	C
116	LYS	K	24.104870337755393	110	K	C
117	ALA	A	22.091010411477335	111	A	C
118	PRO	P	21.327724257407304	112	P	C
119	VAL	V	18.274428363152705	113	V	C
120	ASP	D	20.494930641502545	114	D	C
121	GLU	E	20.50513725874567	115	E	C
122	CYS	C	16.9234621162456	116	C	C
123	LYS	K	14.573587272871427	117	K	C
124	ASP	D	18.510823482492615	118	D	C
125	LYS	K	18.97101734225131	119	K	C
126	ASP	D	14.93405885886352	120	D	C
127	MET	M	16.481530299095407	121	M	C
128	THR	T	14.66714208699159	122	T	C
129	TYR	Y	16.83993123501399	123	Y	C
130	ALA	A	19.378852184791533	124	A	C
131	ALA	A	21.994048763245022	125	A	C
132	PRO	P	24.99356819263707	126	P	C
133	LEU	L	24.476843362656066	127	L	C
134	PHE	F	28.473098777618155	128	F	C
135	VAL	V	29.188433753800492	129	V	C
136	THR	T	33.51975374312885	130	T	C
137	ALA	A	34.707657771736784	131	A	C
138	GLU	E	37.66585574495819	132	E	C
139	PHE	F	40.06068999655398	133	F	C
140	ILE	I	41.140684231062565	134	I	C
141	ASN	N	44.864654718386056	135	N	C
142	ASN	N	45.08714903384334	136	N	C
143	ASN	N	48.99404284196192	137	N	C
144	THR	T	49.03242269152117	138	T	C
145	GLY	G	49.76725285767741	139	G	C
146	GLU	E	46.54098969725504	140	E	C
147	ILE	I	43.85764604946326	141	I	C
148	LYS	K	41.28397310095045	142	K	C
149	SER	S	40.232272381758406	143	S	C
150	GLN	Q	36.64275134320566	144	Q	C
151	THR	T	34.337126845442384	145	T	C
152	VAL	V	30.867261054392245	146	V	C
153	PHE	F	26.827402315542965	147	F	C
154	MET	M	24.017401316545467	148	M	C
155	GLY	G	23.69264731936894	149	G	C
156	ASP	D	20.152571175907063	150	D	C
157	PHE	F	19.58306875849646	151	F	C
158	PRO	P	15.999053128232307	152	P	C
159	MET	M	16.73468717962783	153	M	C
160	MET	M	15.40151330226999	154	M	C
161	THR	T	15.531658861821546	155	T	C
162	GLU	E	18.39440643239134	156	E	C
163	LYS	K	14.280465293539969	157	K	C
164	GLY	G	12.696364597789398	158	G	C
165	THR	T	11.624594874661218	159	T	C
166	PHE	F	11.283925469445462	160	F	C
167	ILE	I	12.687072554375964	161	I	C
168	ILE	I	10.594059892222623	162	I	C
169	ASN	N	12.328570111736397	163	N	C
170	GLY	G	12.431067130379436	164	G	C
171	THR	T	8.724053816890404	165	T	C
172	GLU	E	7.708875728664973	166	E	C
173	ARG	R	4.23254852305322	167	R	C
174	VAL	V	6.982912501241865	168	V	C
175	VAL	V	8.157879442600258	169	V	C
176	VAL	V	4.1144726272026695	170	V	C
177	SER	S	6.5326093561455165	171	S	C
178	GLN	Q	6.542621187261264	172	Q	C
179	LEU	L	8.097940972864645	173	L	C
180	VAL	V	10.651512333936438	174	V	C
181	ARG	R	13.6207079845359	175	R	C
182	SER	S	16.692027558088927	176	S	C
183	PRO	P	18.745951456247823	177	P	C
184	GLY	G	22.518403806664452	178	G	C
185	VAL	V	25.413900035216948	179	V	C
186	TYR	Y	20.55342392400837	180	Y	C
187	PHE	F	27.331276186815714	181	F	C
188	ASP	D	26.62138413005604	182	D	C
189	GLU	E	29.63730178339452	183	E	C
190	THR	T	29.769297086091893	184	T	C
191	ILE	I	31.912845987156953	185	I	C
192	ASP	D	34.526494898845435	186	D	C
193	LYS	K	30.129039048731702	187	K	C
194	SER	S	37.34089931964681	188	S	C
195	THR	T	39.32977265380515	189	T	C
196	ASP	D	38.35532759604589	190	D	C
197	LYS	K	36.789885811184575	191	K	C
198	THR	T	36.489332372626386	192	T	C
199	LEU	L	32.88046284649897	193	L	C
200	HIS	H	32.719866595082564	194	H	C
201	SER	S	28.73641160618354	195	S	C
202	VAL	V	28.406311305764422	196	V	C
203	LYS	K	23.90882853675604	197	K	C
204	VAL	V	24.889869967518916	198	V	C
205	ILE	I	20.23398986853557	199	I	C
206	PRO	P	20.306620619886505	200	P	C
207	SER	S	18.704285551712477	201	S	C
208	ARG	R	20.935885603432205	202	R	C
209	GLY	G	22.764759849381235	203	G	C
210	ALA	A	25.49009113361504	204	A	C
211	TRP	W	20.446882133958713	205	W	C
212	LEU	L	27.10320381430948	206	L	C
213	GLU	E	26.305662242186568	207	E	C
214	PHE	F	31.024179811882206	208	F	C
215	ASP	D	29.92261714823755	209	D	C
216	VAL	V	34.55472727428188	210	V	C
217	ASP	D	36.20185616788177	211	D	C
218	LYS	K	38.027939123754784	212	K	C
219	ARG	R	40.90593606067461	213	R	C
220	ASP	D	41.993220750497336	214	D	C
221	THR	T	39.056549809218936	215	T	C
222	VAL	V	37.67014978733161	216	V	C
223	GLY	G	34.43374992648926	217	G	C
224	VAL	V	33.02089733789801	218	V	C
225	ARG	R	28.548082685182205	219	R	C
226	ILE	I	29.050773724635974	220	I	C
227	ASP	D	24.678702761693124	221	D	C
228	ARG	R	25.55029060500095	222	R	C
229	LYS	K	28.569795834062244	223	K	C
230	ARG	R	32.161352661229905	224	R	C
231	ARG	R	34.11189458238871	225	R	C
232	GLN	Q	36.53322944936568	226	Q	C
233	PRO	P	39.69000304862674	227	P	C
234	VAL	V	38.18945846696441	228	V	C
235	THR	T	41.78302499819753	229	T	C
236	VAL	V	41.679369824890586	230	V	C
237	LEU	L	36.49034213322752	231	L	C
238	LEU	L	41.73081979784246	232	L	C
239	LYS	K	44.34359139717936	233	K	C
240	ALA	A	41.908289132342304	234	A	C
241	LEU	L	39.5095022747693	235	L	C
242	GLY	G	44.90125972620367	236	G	C
243	TRP	W	42.653254518266245	237	W	C
244	THR	T	48.94572403182938	238	T	C
245	SER	S	50.60116397870704	239	S	C
246	GLU	E	51.51576307306337	240	E	C
247	GLN	Q	47.97711731648746	241	Q	C
248	ILE	I	46.56418191056296	242	I	C
249	VAL	V	49.52501124684375	243	V	C
250	GLU	E	49.00498036934613	244	E	C
251	ARG	R	41.59071348269948	245	R	C
252	PHE	F	41.491625588785986	246	F	C
253	GLY	G	47.86365905360767	247	G	C
254	PHE	F	43.72666120343514	248	F	C
255	SER	S	45.02420909910579	249	S	C
256	GLU	E	47.09152385514828	250	E	C
257	ILE	I	41.653558383408246	251	I	C
258	MET	M	42.33112624299051	252	M	C
259	ARG	R	47.34709788360844	253	R	C
260	SER	S	46.81109356765766	254	S	C
261	THR	T	42.91884721191845	255	T	C
262	LEU	L	46.59190021881485	256	L	C
263	GLU	E	48.8975436295117	257	E	C
264	LYS	K	46.28138228272789	258	K	C
265	ASP	D	46.2234862596927	259	D	C
266	ASN	N	46.36950295183246	260	N	C
267	THR	T	47.265085306175	261	T	C
268	VAL	V	49.857630830194886	262	V	C
269	GLY	G	48.03762706462508	263	G	C
270	THR	T	46.47836448284298	264	T	C
271	ASP	D	46.71454421269675	265	D	C
272	GLU	E	45.564563489624256	266	E	C
273	ALA	A	42.394249680823464	267	A	C
274	LEU	L	41.56609257555971	268	L	C
275	LEU	L	42.332656495901595	269	L	C
276	ASP	D	40.29076401608686	270	D	C
277	ILE	I	37.31431808300937	271	I	C
278	TYR	Y	38.0386446788	272	Y	C
279	ARG	R	38.7102247216417	273	R	C
280	LYS	K	34.74973027233449	274	K	C
281	LEU	L	32.53930666132885	275	L	C
282	ARG	R	31.54335445066045	276	R	C
283	PRO	P	35.593865131508274	277	P	C
284	GLY	G	38.881881641710706	278	G	C
285	GLU	E	35.57013113554685	279	E	C
286	PRO	P	42.55146053897563	280	P	C
287	PRO	P	44.00772659431524	281	P	C
288	THR	T	44.7419783760173	282	T	C
289	LYS	K	45.724301525556406	283	K	C
290	GLU	E	43.495047373235494	284	E	C
291	SER	S	40.105444343629955	285	S	C
292	ALA	A	40.17539596569024	286	A	C
293	GLN	Q	40.60629610048176	287	Q	C
294	THR	T	37.87670092550301	288	T	C
295	LEU	L	34.93845663448802	289	L	C
296	LEU	L	35.9878868648883	290	L	C
297	GLU	E	34.91990934982506	291	E	C
298	ASN	N	31.83086448716088	292	N	C
299	LEU	L	29.990923910409965	293	L	C
300	PHE	F	30.159722329623662	294	F	C
301	PHE	F	32.75698835363227	295	F	C
302	LYS	K	30.217966907123316	296	K	C
303	GLU	E	28.083149574077336	297	E	C
304	LYS	K	27.53893071635135	298	K	C
305	ARG	R	26.56839682781029	299	R	C
306	TYR	Y	26.90115612757192	300	Y	C
307	ASP	D	23.319060572844695	301	D	C
308	LEU	L	24.019978392996112	302	L	C
309	ALA	A	21.1062591190386	303	A	C
310	ARG	R	23.446415525619255	304	R	C
311	VAL	V	20.0089050924832	305	V	C
312	GLY	G	22.681786040786122	306	G	C
313	ARG	R	25.436240877928487	307	R	C
314	TYR	Y	25.251276601391854	308	Y	C
315	LYS	K	23.587970705425253	309	K	C
316	VAL	V	26.762253604657438	310	V	C
317	ASN	N	29.406829019804235	311	N	C
318	LYS	K	26.035045496407342	312	K	C
319	LYS	K	29.068377887319407	313	K	C
320	LEU	L	31.99694065063097	314	L	C
321	GLY	G	33.89159071215159	315	G	C
322	LEU	L	34.46802048276054	316	L	C
323	HIS	H	34.60855895584213	317	H	C
324	VAL	V	33.85923729205961	318	V	C
325	GLY	G	35.855537299000275	319	G	C
326	GLU	E	33.90871996994284	320	E	C
327	PRO	P	32.88495920629976	321	P	C
328	ILE	I	28.357853568279815	322	I	C
329	THR	T	31.749584658700652	323	T	C
330	SER	S	29.37227515872749	324	S	C
331	SER	S	27.499969690892396	325	S	C
332	THR	T	29.598240049029947	326	T	C
333	LEU	L	30.30808514241703	327	L	C
334	THR	T	33.34433218704493	328	T	C
335	GLU	E	36.75987357159979	329	E	C
336	GLU	E	36.796866564967175	330	E	C
337	ASP	D	32.49709251610057	331	D	C
338	VAL	V	34.913567062103525	332	V	C
339	VAL	V	37.27917988636553	333	V	C
340	ALA	A	36.02240831760142	334	A	C
341	THR	T	32.18895430112634	335	T	C
342	ILE	I	35.92835377525666	336	I	C
343	GLU	E	38.07313396609215	337	E	C
344	TYR	Y	32.75504243624179	338	Y	C
345	LEU	L	34.70727605272416	339	L	C
346	VAL	V	38.134156893787484	340	V	C
347	ARG	R	39.349618613145424	341	R	C
348	LEU	L	33.35901684702354	342	L	C
349	HIS	H	38.2201430792717	343	H	C
350	GLU	E	40.84148430211615	344	E	C
351	GLY	G	41.191346797598165	345	G	C
352	GLN	Q	38.943982179535766	346	Q	C
353	THR	T	37.76421997076068	347	T	C
354	THR	T	39.50069646221443	348	T	C
355	MET	M	37.3284097973648	349	M	C
356	THR	T	41.13465368761478	350	T	C
357	VAL	V	37.920259664195335	351	V	C
358	PRO	P	42.30889420677406	352	P	C
359	GLY	G	41.153501977353024	353	G	C
360	GLY	G	40.10345886578861	354	G	C
361	VAL	V	37.52953734060681	355	V	C
362	GLU	E	37.42251548199293	356	E	C
363	VAL	V	34.00399483884209	357	V	C
364	PRO	P	33.6053216767821	358	P	C
365	VAL	V	34.430529142027424	359	V	C
366	GLU	E	30.97743402866029	360	E	C
367	THR	T	28.549850402410176	361	T	C
368	ASP	D	24.89681515776667	362	D	C
369	ASP	D	21.852805105981243	363	D	C
370	ILE	I	18.282429652537985	364	I	C
371	ASP	D	17.08738098714955	365	D	C
372	HIS	H	19.156560495036686	366	H	C
373	PHE	F	14.201998063652868	367	F	C
374	GLY	G	20.42983883930561	368	G	C
375	ASN	N	18.01165816908593	369	N	C
376	ARG	R	11.672990962045665	370	R	C
377	ARG	R	12.375328076459228	371	R	C
378	LEU	L	10.63368299320607	372	L	C
379	ARG	R	10.152231183340923	373	R	C
380	THR	T	11.443997465920717	374	T	C
381	VAL	V	12.04055771133547	375	V	C
382	GLY	G	14.364514680280717	376	G	C
383	GLU	E	13.966218278403069	377	E	C
384	LEU	L	8.549513085550547	378	L	C
385	ILE	I	13.525987838232002	379	I	C
386	GLN	Q	16.160037530897014	380	Q	C
387	ASN	N	14.62309850886604	381	N	C
388	GLN	Q	13.607068567476249	382	Q	C
389	ILE	I	17.871453298486948	383	I	C
390	ARG	R	19.24061415339957	384	R	C
391	VAL	V	17.789989263628012	385	V	C
392	GLY	G	20.232998023031588	386	G	C
393	MET	M	22.816785509795196	387	M	C
394	SER	S	23.40261825095645	388	S	C
395	ARG	R	18.866168582942322	389	R	C
396	MET	M	25.885459026256424	390	M	C
397	GLU	E	28.1679030458428	391	E	C
398	ARG	R	28.75388632863391	392	R	C
399	VAL	V	28.914991768976865	393	V	C
400	VAL	V	31.774436218444542	394	V	C
401	ARG	R	33.06251148960103	395	R	C
402	GLU	E	34.423908450377915	396	E	C
403	ARG	R	32.516504009502626	397	R	C
404	MET	M	37.60307499394166	398	M	C
405	THR	T	39.791679808723835	399	T	C
406	THR	T	39.203949864777655	400	T	C
407	GLN	Q	38.244612091116835	401	Q	C
408	ASP	D	44.63247054555685	402	D	C
409	VAL	V	45.65003698793682	403	V	C
410	GLU	E	46.862876768290704	404	E	C
411	ALA	A	43.0379021909758	405	A	C
412	ILE	I	40.68227049956774	406	I	C
413	THR	T	38.208750175843235	407	T	C
414	PRO	P	34.83371121485622	408	P	C
415	GLN	Q	34.52164956950928	409	Q	C
416	THR	T	35.41455566571462	410	T	C
417	LEU	L	32.93301015698383	411	L	C
418	ILE	I	30.32948067474944	412	I	C
419	ASN	N	26.905428318463915	413	N	C
420	ILE	I	23.64032083115625	414	I	C
421	ARG	R	21.884341982339798	415	R	C
422	PRO	P	20.17864782387561	416	P	C
423	VAL	V	19.14555198995318	417	V	C
424	VAL	V	17.858863793646	418	V	C
425	ALA	A	15.869110561086911	419	A	C
426	ALA	A	14.458923715131775	420	A	C
427	ILE	I	13.420549914217377	421	I	C
428	LYS	K	11.964067953668605	422	K	C
429	GLU	E	9.810984609100148	423	E	C
430	PHE	F	8.071701059875796	424	F	C
431	PHE	F	7.8418909071728375	425	F	C
432	GLY	G	7.089400609360417	426	G	C
433	THR	T	5.329368161424017	427	T	C
434	SER	S	3.979661417759056	428	S	C
435	GLN	Q	3.2245635363565057	429	Q	C
436	LEU	L	3.6676522463286996	430	L	C
437	SER	S	3.9663945845061863	431	S	C
438	GLN	Q	3.07134986610122	432	Q	C
439	PHE	F	2.677793494651891	433	F	C
440	MET	M	4.285499387469328	434	M	C
441	ASP	D	3.136009247435341	435	D	C
442	GLN	Q	5.51014845535037	436	Q	C
443	ASN	N	6.035703935747672	437	N	C
444	ASN	N	10.091460994325839	438	N	C
445	PRO	P	12.123592784319346	439	P	C
446	LEU	L	9.678761491017319	440	L	C
447	SER	S	6.742019949540343	441	S	C
448	GLY	G	8.6353024845688	442	G	C
449	LEU	L	10.288375187559978	443	L	C
450	THR	T	7.767772782464749	444	T	C
451	HIS	H	3.419170367208979	445	H	C
452	LYS	K	8.415326315717069	446	K	C
453	ARG	R	8.952365553304883	447	R	C
454	ARG	R	3.060758729465622	448	R	C
455	LEU	L	5.959050427710788	449	L	C
456	SER	S	2.4307342512088863	450	S	C
457	ALA	A	5.8907100590675805	451	A	C
458	LEU	L	3.696145289352132	452	L	C
459	GLY	G	4.687226045327883	453	G	C
460	PRO	P	6.828896396929741	454	P	C
461	GLY	G	10.472588648467008	455	G	C
462	GLY	G	9.409547970014284	456	G	C
463	LEU	L	6.592360730421237	457	L	C
464	SER	S	7.269584307235179	458	S	C
465	ARG	R	3.571292483121483	459	R	C
466	GLU	E	9.230949301128243	460	E	C
467	ARG	R	10.994526820195583	461	R	C
468	ALA	A	10.961146107957871	462	A	C
469	GLY	G	14.319459347335709	463	G	C
470	LEU	L	16.976457139226664	464	L	C
471	GLU	E	17.297472503230065	465	E	C
472	VAL	V	13.59491125384789	466	V	C
473	ARG	R	10.590982390694462	467	R	C
474	ASP	D	14.91973729661485	468	D	C
475	VAL	V	15.27631437880224	469	V	C
476	HIS	H	17.27249136633162	470	H	C
477	PRO	P	20.443109670497783	471	P	C
478	SER	S	19.424203896170372	472	S	C
479	HIS	H	14.40073036342255	473	H	C
480	TYR	Y	19.00392580494883	474	Y	C
481	GLY	G	18.571784216924357	475	G	C
482	ARG	R	14.970100166665558	476	R	C
483	MET	M	10.260710404255654	477	M	C
484	CYS	C	11.725688082155354	478	C	C
485	PRO	P	12.513815005824563	479	P	C
486	ILE	I	9.432736718471453	480	I	C
487	GLU	E	7.159673386405261	481	E	C
488	THR	T	5.321947857692699	482	T	C
489	PRO	P	3.8019527877131774	483	P	C
490	GLU	E	5.8726488912585255	484	E	C
491	GLY	G	6.881939624844145	485	G	C
492	PRO	P	5.499182939310168	486	P	C
493	ASN	N	3.451955532737936	487	N	C
494	ILE	I	8.238699472610952	488	I	C
495	GLY	G	8.910276370573477	489	G	C
496	LEU	L	6.992897611148043	490	L	C
497	ILE	I	3.3419512264544027	491	I	C
498	GLY	G	6.313932134573512	492	G	C
499	SER	S	7.974265358012626	493	S	C
500	LEU	L	10.607382052137087	494	L	C
501	SER	S	13.97953751023259	495	S	C
502	VAL	V	16.514868845982413	496	V	C
503	TYR	Y	19.16957046988795	497	Y	C
504	ALA	A	17.772139347866943	498	A	C
505	ARG	R	18.28170074145181	499	R	C
506	VAL	V	15.526504757993674	500	V	C
507	ASN	N	19.508925880222105	501	N	C
508	PRO	P	21.130320253133885	502	P	C
509	PHE	F	18.851512247032062	503	F	C
510	GLY	G	15.787641179099543	504	G	C
511	PHE	F	17.855107112532252	505	F	C
512	ILE	I	14.167710471349974	506	I	C
513	GLU	E	19.71518797780027	507	E	C
514	THR	T	21.934579321245277	508	T	C
515	PRO	P	23.174702824416116	509	P	C
516	TYR	Y	24.393718884171825	510	Y	C
517	ARG	R	30.25785759104569	511	R	C
518	LYS	K	33.635409095178254	512	K	C
519	VAL	V	36.15395017145431	513	V	C
520	VAL	V	39.516362699519824	514	V	C
521	ASP	D	42.068522103824876	515	D	C
522	GLY	G	41.2457050491321	516	G	C
523	VAL	V	39.67613079673975	517	V	C
524	VAL	V	35.86061411911402	518	V	C
525	SER	S	35.49368770640774	519	S	C
526	ASP	D	34.37797085344043	520	D	C
527	GLU	E	33.90728999787509	521	E	C
528	ILE	I	29.22310269290377	522	I	C
529	VAL	V	28.25549505848376	523	V	C
530	TYR	Y	23.91102618040473	524	Y	C
531	LEU	L	23.53017615743664	525	L	C
532	THR	T	23.363508918824675	526	T	C
533	ALA	A	21.59635925335565	527	A	C
534	ASP	D	24.405212455539086	528	D	C
535	GLU	E	26.727612407396208	529	E	C
536	GLU	E	24.51679134797212	530	E	C
537	ASP	D	26.464883090616524	531	D	C
538	ARG	R	30.61654843381272	532	R	C
539	HIS	H	31.88513818379969	533	H	C
540	VAL	V	32.51881825958626	534	V	C
541	VAL	V	29.05304398853931	535	V	C
542	ALA	A	30.160146916087818	536	A	C
543	GLN	Q	27.905349397561725	537	Q	C
544	ALA	A	28.12912385766751	538	A	C
545	ASN	N	30.198782193989206	539	N	C
546	SER	S	32.7991857673327	540	S	C
547	PRO	P	36.1490673876934	541	P	C
548	ILE	I	35.60026869280625	542	I	C
549	ASP	D	41.127174349814005	543	D	C
550	ALA	A	42.85401467774052	544	A	C
551	ASP	D	42.3019778970204	545	D	C
552	GLY	G	40.30856675695629	546	G	C
553	ARG	R	41.6577408532916	547	R	C
554	PHE	F	36.62677988849145	548	F	C
555	VAL	V	41.46133771358564	549	V	C
556	GLU	E	40.338508871796435	550	E	C
557	PRO	P	41.47161465388103	551	P	C
558	ARG	R	39.599689013930394	552	R	C
559	VAL	V	36.10452351160445	553	V	C
560	LEU	L	32.145254175383336	554	L	C
561	VAL	V	31.383114759373413	555	V	C
562	ARG	R	25.01356294093268	556	R	C
563	ARG	R	28.4197846050951	557	R	C
564	LYS	K	28.815456234458637	558	K	C
565	ALA	A	27.02181391024667	559	A	C
566	GLY	G	26.05253958830119	560	G	C
567	GLU	E	28.41710138279413	561	E	C
568	VAL	V	29.110654235176504	562	V	C
569	GLU	E	33.60167896102812	563	E	C
570	TYR	Y	36.25394116506507	564	Y	C
571	VAL	V	37.54136210901251	565	V	C
572	PRO	P	40.57692542566528	566	P	C
573	SER	S	41.08218156330067	567	S	C
574	SER	S	42.01847199744418	568	S	C
575	GLU	E	37.93322393364426	569	E	C
576	VAL	V	36.048867194407116	570	V	C
577	ASP	D	34.98007258425861	571	D	C
578	TYR	Y	31.764388393293533	572	Y	C
579	MET	M	29.84807652094187	573	M	C
580	ASP	D	26.467153889302114	574	D	C
581	VAL	V	26.523443309645923	575	V	C
582	SER	S	24.893187100088223	576	S	C
583	PRO	P	22.85258716206984	577	P	C
584	ARG	R	20.147844003763776	578	R	C
585	GLN	Q	19.192251900180977	579	Q	C
586	MET	M	16.353949584121892	580	M	C
587	VAL	V	15.474571302624161	581	V	C
588	SER	S	11.479079754056928	582	S	C
589	VAL	V	13.662078428994613	583	V	C
590	ALA	A	10.513631817787795	584	A	C
591	THR	T	12.008914896858903	585	T	C
592	ALA	A	15.322036026586021	586	A	C
593	MET	M	14.649540641262446	587	M	C
594	ILE	I	13.507254569304589	588	I	C
595	PRO	P	19.30312539460903	589	P	C
596	PHE	F	21.123223641291105	590	F	C
597	LEU	L	16.280584356834353	591	L	C
598	GLU	E	20.964119657166616	592	E	C
599	HIS	H	21.758772483759266	593	H	C
600	ASP	D	18.423794343185662	594	D	C
601	ASP	D	16.39386305908403	595	D	C
602	ALA	A	13.361994349647055	596	A	C
603	ASN	N	12.48953946308669	597	N	C
604	ARG	R	13.285657266390695	598	R	C
605	ALA	A	11.845816687759422	599	A	C
606	LEU	L	8.398862363439456	600	L	C
607	MET	M	9.102642528408985	601	M	C
608	GLY	G	10.8606444560164	602	G	C
609	ALA	A	7.968427009140493	603	A	C
610	ASN	N	4.32535882904528	604	N	C
611	MET	M	8.09516682965829	605	M	C
612	GLN	Q	10.034351299411426	606	Q	C
613	ARG	R	3.406423050650051	607	R	C
614	GLN	Q	6.703458957881374	608	Q	C
615	ALA	A	10.778454852157603	609	A	C
616	VAL	V	12.38269546585072	610	V	C
617	PRO	P	13.768952102465894	611	P	C
618	LEU	L	18.409953910860285	612	L	C
619	VAL	V	21.46455855590792	613	V	C
620	ARG	R	23.458532626743725	614	R	C
621	SER	S	21.566123527421425	615	S	C
622	GLU	E	22.79414845963762	616	E	C
623	ALA	A	23.99596611932931	617	A	C
624	PRO	P	22.037095339449788	618	P	C
625	LEU	L	25.801548441905563	619	L	C
626	VAL	V	22.94812900870133	620	V	C
627	GLY	G	23.130994314987845	621	G	C
628	THR	T	20.286649945222592	622	T	C
629	GLY	G	22.683507599134657	623	G	C
630	MET	M	18.129223728554955	624	M	C
631	GLU	E	20.39105728009216	625	E	C
632	LEU	L	21.42717876903069	626	L	C
633	ARG	R	19.720667458278374	627	R	C
634	ALA	A	16.95762648485926	628	A	C
635	ALA	A	18.4043902099472	629	A	C
636	ILE	I	19.958405622694418	630	I	C
637	ASP	D	17.108001782791593	631	D	C
638	ALA	A	14.99969273018618	632	A	C
639	GLY	G	17.107985766886756	633	G	C
640	ASP	D	13.366097036906465	634	D	C
641	VAL	V	19.05969997140563	635	V	C
642	VAL	V	22.549433762292118	636	V	C
643	VAL	V	23.647599751348963	637	V	C
644	ALA	A	27.986873387357864	638	A	C
645	GLU	E	27.859893646602455	639	E	C
646	GLU	E	32.46232206728288	640	E	C
647	SER	S	35.338497265729906	641	S	C
648	GLY	G	37.095097762372866	642	G	C
649	VAL	V	38.038319218913976	643	V	C
650	ILE	I	34.189092558884916	644	I	C
651	GLU	E	37.89857035562159	645	E	C
652	GLU	E	34.89327184429686	646	E	C
653	VAL	V	33.058777064495295	647	V	C
654	SER	S	30.784832336720633	648	S	C
655	ALA	A	27.909377080114133	649	A	C
656	ASP	D	27.84113844655064	650	D	C
657	TYR	Y	29.74546612510888	651	Y	C
658	ILE	I	29.641461856662872	652	I	C
659	THR	T	33.33890862040928	653	T	C
660	VAL	V	33.199129762691065	654	V	C
661	MET	M	37.521128154681065	655	M	C
662	HIS	H	34.626810248707585	656	H	C
663	ASP	D	40.52087838386527	657	D	C
664	ASN	N	39.926161661246624	658	N	C
665	GLY	G	41.793393604731364	659	G	C
666	THR	T	38.62164659876635	660	T	C
667	ARG	R	35.67412633828613	661	R	C
668	ARG	R	30.671956654246888	662	R	C
669	THR	T	29.47859436947427	663	T	C
670	TYR	Y	27.557711153141874	664	Y	C
671	ARG	R	24.262524641924635	665	R	C
672	MET	M	23.484505019267488	666	M	C
673	ARG	R	15.133154099525983	667	R	C
674	LYS	K	21.572331607872155	668	K	C
675	PHE	F	19.419703833992937	669	F	C
676	ALA	A	15.729527074899615	670	A	C
677	ARG	R	11.837445923846918	671	R	C
678	SER	S	10.209281463452752	672	S	C
679	ASN	N	6.899050731803615	673	N	C
680	HIS	H	3.568747119088148	674	H	C
681	GLY	G	10.26642659351344	675	G	C
682	THR	T	11.103088849504898	676	T	C
683	CYS	C	14.669138318251687	677	C	C
684	ALA	A	15.248502680591296	678	A	C
685	ASN	N	18.325009085945904	679	N	C
686	GLN	Q	19.9264683524201	680	Q	C
687	CYS	C	24.02214195279014	681	C	C
688	PRO	P	27.46270367243546	682	P	C
689	ILE	I	27.227048113961967	683	I	C
690	VAL	V	31.41002715694464	684	V	C
691	ASP	D	34.91026294658922	685	D	C
692	ALA	A	37.39807208934706	686	A	C
693	GLY	G	39.42385285585365	687	G	C
694	ASP	D	36.33713369268413	688	D	C
695	ARG	R	37.506896139243516	689	R	C
696	VAL	V	34.08226361320504	690	V	C
697	GLU	E	32.87684148454654	691	E	C
698	ALA	A	31.704701622945453	692	A	C
699	GLY	G	28.20517239798402	693	G	C
700	GLN	Q	28.308187190281185	694	Q	C
701	VAL	V	25.40310260578421	695	V	C
702	ILE	I	27.835374921132274	696	I	C
703	ALA	A	23.968545095603954	697	A	C
704	ASP	D	21.94443640196759	698	D	C
705	GLY	G	19.17902244641264	699	G	C
706	PRO	P	15.784271981944554	700	P	C
707	CYS	C	15.618774887935357	701	C	C
708	THR	T	19.151664601282057	702	T	C
709	ASP	D	22.848796051433425	703	D	C
710	ASP	D	25.877580605613034	704	D	C
711	GLY	G	23.555149352105577	705	G	C
712	GLU	E	20.915641419760483	706	E	C
713	MET	M	15.049533182128933	707	M	C
714	ALA	A	18.505337013953575	708	A	C
715	LEU	L	13.883994706135558	709	L	C
716	GLY	G	18.555362216890295	710	G	C
717	LYS	K	21.57210379170284	711	K	C
718	ASN	N	24.787510827027386	712	N	C
719	LEU	L	24.707277571598212	713	L	C
720	LEU	L	28.88003869457241	714	L	C
721	VAL	V	26.562624004416428	715	V	C
722	ALA	A	29.633950479137937	716	A	C
723	ILE	I	27.52230175693886	717	I	C
724	MET	M	30.619429942440142	718	M	C
725	PRO	P	31.941747650997435	719	P	C
726	TRP	W	32.08407039326525	720	W	C
727	GLU	E	32.572565035624685	721	E	C
728	GLY	G	28.549117709659612	722	G	C
729	HIS	H	26.50214759222354	723	H	C
730	ASN	N	25.917854907379972	724	N	C
731	TYR	Y	24.296060195019276	725	Y	C
732	GLU	E	21.417650011147348	726	E	C
733	ASP	D	20.471823563131835	727	D	C
734	ALA	A	22.437459415005076	728	A	C
735	ILE	I	20.920727520810555	729	I	C
736	ILE	I	26.438611971886875	730	I	C
737	LEU	L	24.277048955752427	731	L	C
738	SER	S	29.117648016280434	732	S	C
739	ASN	N	30.84061565533347	733	N	C
740	ARG	R	29.633557481341988	734	R	C
741	LEU	L	26.32118033067666	735	L	C
742	VAL	V	27.272331821829976	736	V	C
743	GLU	E	30.142342277931885	737	E	C
744	GLU	E	28.65143071471301	738	E	C
745	ASP	D	25.02584252327981	739	D	C
746	VAL	V	23.32409033595951	740	V	C
747	LEU	L	21.166227013806687	741	L	C
748	THR	T	21.112972907669825	742	T	C
749	SER	S	17.726796270053992	743	S	C
750	ILE	I	16.711805737262505	744	I	C
751	HIS	H	14.818541190009224	745	H	C
752	ILE	I	14.847276012791026	746	I	C
753	GLU	E	14.264188830774788	747	E	C
754	GLU	E	15.585837834393118	748	E	C
755	HIS	H	18.980702068153327	749	H	C
756	GLU	E	16.420354594222385	750	E	C
757	ILE	I	21.10998765987323	751	I	C
758	ASP	D	21.462759398548933	752	D	C
759	ALA	A	25.708654573897874	753	A	C
760	ARG	R	21.74618405605914	754	R	C
761	ASP	D	28.60552497333339	755	D	C
762	THR	T	30.69361368428293	756	T	C
763	LYS	K	30.870490666654465	757	K	C
764	LEU	L	34.563277173902364	758	L	C
765	GLY	G	33.30892081710245	759	G	C
766	ALA	A	32.42468741560973	760	A	C
767	GLU	E	26.629835485785502	761	E	C
768	GLU	E	32.0370913005535	762	E	C
769	ILE	I	28.2394515704537	763	I	C
770	THR	T	33.3545431538194	764	T	C
771	ARG	R	35.92350251576258	765	R	C
772	ASP	D	36.95832612551604	766	D	C
773	ILE	I	33.07395274230161	767	I	C
774	PRO	P	36.78387566584033	768	P	C
775	ASN	N	39.28968202976451	769	N	C
776	ILE	I	36.326395004183944	770	I	C
777	SER	S	39.74031104558695	771	S	C
778	ASP	D	40.92991856820632	772	D	C
779	GLU	E	38.328857496669535	773	E	C
780	VAL	V	35.17645724060342	774	V	C
781	LEU	L	36.147894005045444	775	L	C
782	ALA	A	37.35954877939508	776	A	C
783	ASP	D	33.52284452429418	777	D	C
784	LEU	L	32.500692577235945	778	L	C
785	ASP	D	34.14938169279205	779	D	C
786	GLU	E	37.35813529875388	780	E	C
787	ARG	R	31.999906952989726	781	R	C
788	GLY	G	31.598079783429885	782	G	C
789	ILE	I	29.273411058501537	783	I	C
790	VAL	V	28.441669870104324	784	V	C
791	ARG	R	30.89960630817163	785	R	C
792	ILE	I	29.582849541584057	786	I	C
793	GLY	G	30.063866368117054	787	G	C
794	ALA	A	29.09661317060802	788	A	C
795	GLU	E	29.61067824282314	789	E	C
796	VAL	V	25.91724445229469	790	V	C
797	ARG	R	27.71562465469613	791	R	C
798	ASP	D	25.869714822548776	792	D	C
799	GLY	G	27.90230617708867	793	G	C
800	ASP	D	28.529027533373792	794	D	C
801	ILE	I	29.408883980865383	795	I	C
802	LEU	L	24.430175234737877	796	L	C
803	VAL	V	26.504367130720176	797	V	C
804	GLY	G	30.19058053433223	798	G	C
805	LYS	K	26.043230060804678	799	K	C
806	VAL	V	31.779984723092614	800	V	C
807	THR	T	29.684134904019025	801	T	C
808	PRO	P	33.679768021766435	802	P	C
809	LYS	K	34.9961119840476	803	K	C
810	GLY	G	36.071649144445836	804	G	C
811	GLU	E	39.31224963036331	805	E	C
812	THR	T	39.156097366821434	806	T	C
813	GLU	E	43.36812370854889	807	E	C
814	LEU	L	41.94952247642398	808	L	C
815	THR	T	43.386536598350425	809	T	C
816	PRO	P	47.41053825891456	810	P	C
817	GLU	E	48.34759951641861	811	E	C
818	GLU	E	42.80519642520054	812	E	C
819	ARG	R	48.34656185293842	813	R	C
820	LEU	L	51.004214737607725	814	L	C
821	LEU	L	47.35563128076745	815	L	C
822	ARG	R	43.12346157255932	816	R	C
823	ALA	A	52.298673816837855	817	A	C
824	ILE	I	54.25033294828707	818	I	C
825	PHE	F	51.66964635063802	819	F	C
826	GLY	G	52.103420895369254	820	G	C
827	GLU	E	47.407689850909215	821	E	C
828	LYS	K	46.23105463863009	822	K	C
829	ALA	A	44.02698293092544	823	A	C
830	ARG	R	40.654518445063395	824	R	C
831	GLU	E	37.66750225326867	825	E	C
832	VAL	V	36.303521344354465	826	V	C
833	ARG	R	30.2004527449507	827	R	C
834	ASP	D	30.577646246890875	828	D	C
835	THR	T	27.199234070098388	829	T	C
836	SER	S	26.52404812618165	830	S	C
837	LEU	L	22.35050111295046	831	L	C
838	LYS	K	23.982357703111678	832	K	C
839	VAL	V	24.03543893919976	833	V	C
840	PRO	P	20.66277302299961	834	P	C
841	HIS	H	20.58099630727337	835	H	C
842	GLY	G	21.60096562656401	836	G	C
843	GLU	E	17.960241117535148	837	E	C
844	SER	S	22.618635745773876	838	S	C
845	GLY	G	24.7332264777566	839	G	C
846	LYS	K	24.265854796400646	840	K	C
847	VAL	V	25.9010493609815	841	V	C
848	ILE	I	21.51922974922662	842	I	C
849	GLY	G	24.18617313673249	843	G	C
850	ILE	I	25.92414507751413	844	I	C
851	ARG	R	23.578024959694993	845	R	C
852	VAL	V	26.350083187724483	846	V	C
853	PHE	F	22.39936644193313	847	F	C
854	SER	S	28.238774300595985	848	S	C
855	ARG	R	26.982372949761114	849	R	C
856	GLU	E	31.914587965380345	850	E	C
857	ASP	D	31.95040381591444	851	D	C
858	GLU	E	29.839018566300066	852	E	C
859	ASP	D	27.411097570144836	853	D	C
860	GLU	E	23.87201434734824	854	E	C
861	LEU	L	23.364769761330844	855	L	C
862	PRO	P	21.113102472161696	856	P	C
863	ALA	A	24.255921730579537	857	A	C
864	GLY	G	26.43829654119192	858	G	C
865	VAL	V	23.323440012142292	859	V	C
866	ASN	N	27.370658267568214	860	N	C
867	GLU	E	25.923146510406486	861	E	C
868	LEU	L	21.061527342526716	862	L	C
869	VAL	V	22.17290249380987	863	V	C
870	ARG	R	17.603753577007378	864	R	C
871	VAL	V	20.992601387155425	865	V	C
872	TYR	Y	18.263609062833122	866	Y	C
873	VAL	V	19.6304524654935	867	V	C
874	ALA	A	20.92386709000036	868	A	C
875	GLN	Q	18.612563337702834	869	Q	C
876	LYS	K	22.725382769053642	870	K	C
877	ARG	R	16.223614455478163	871	R	C
878	LYS	K	22.062485558068932	872	K	C
879	ILE	I	21.126499804747592	873	I	C
880	SER	S	22.0364760794461	874	S	C
881	ASP	D	21.030242628177167	875	D	C
882	GLY	G	17.167209295631018	876	G	C
883	ASP	D	18.003095872654793	877	D	C
884	LYS	K	11.840200040539846	878	K	C
885	LEU	L	17.225856466370548	879	L	C
886	ALA	A	14.728253019282361	880	A	C
887	GLY	G	14.958476693834829	881	G	C
888	ARG	R	14.610912462950411	882	R	C
889	HIS	H	15.596981310497226	883	H	C
890	GLY	G	13.937914657508845	884	G	C
891	ASN	N	15.913681440823172	885	N	C
892	LYS	K	12.09737649244662	886	K	C
893	GLY	G	17.251329687882034	887	G	C
894	VAL	V	16.54913780231466	888	V	C
895	ILE	I	20.678628726296143	889	I	C
896	GLY	G	23.528170902133468	890	G	C
897	LYS	K	26.26290145814053	891	K	C
898	ILE	I	26.150649112402544	892	I	C
899	LEU	L	31.29415710639927	893	L	C
900	PRO	P	34.51543225862889	894	P	C
901	VAL	V	35.56600856154651	895	V	C
902	GLU	E	37.844674209193556	896	E	C
903	ASP	D	37.11650750003292	897	D	C
904	MET	M	32.832253867195895	898	M	C
905	PRO	P	35.54623262738261	899	P	C
906	PHE	F	38.25815652903312	900	F	C
907	LEU	L	37.33820377307939	901	L	C
908	ALA	A	42.018548356648395	902	A	C
909	ASP	D	41.184876216883296	903	D	C
910	GLY	G	40.589030599411956	904	G	C
911	THR	T	37.72776509415844	905	T	C
912	PRO	P	34.489134839830356	906	P	C
913	VAL	V	32.15988437479214	907	V	C
914	ASP	D	28.7129422038216	908	D	C
915	ILE	I	23.78929864455865	909	I	C
916	ILE	I	27.267179007004003	910	I	C
917	LEU	L	23.468036006449278	911	L	C
918	ASN	N	26.05704682039006	912	N	C
919	THR	T	27.512924181191643	913	T	C
920	HIS	H	26.27419682882809	914	H	C
921	GLY	G	22.36480348672887	915	G	C
922	VAL	V	23.602387273324698	916	V	C
923	PRO	P	25.382701058004045	917	P	C
924	ARG	R	22.439132358449154	918	R	C
925	ARG	R	19.481118807707116	919	R	C
926	MET	M	21.330914537356335	920	M	C
927	ASN	N	18.48599624039775	921	N	C
928	ILE	I	22.80815005650392	922	I	C
929	GLY	G	22.461416562630237	923	G	C
930	GLN	Q	21.799315608523116	924	Q	C
931	ILE	I	24.623181983651087	925	I	C
932	LEU	L	26.21115237832934	926	L	C
933	GLU	E	21.30570371989623	927	E	C
934	THR	T	26.447113453078387	928	T	C
935	HIS	H	29.1711069724822	929	H	C
936	LEU	L	28.0549581001291	930	L	C
937	GLY	G	28.831885873109297	931	G	C
938	TRP	W	31.005862574680933	932	W	C
939	CYS	C	33.142314116548945	933	C	C
940	ALA	A	30.896044585027376	934	A	C
941	HIS	H	32.99464359558987	935	H	C
942	SER	S	35.61516432644949	936	S	C
943	GLY	G	36.99874292459136	937	G	C
944	TRP	W	34.40269963244163	938	W	C
945	LYS	K	41.49869993144363	939	K	C
946	VAL	V	41.221906421222194	940	V	C
947	ASP	D	45.49680377784795	941	D	C
948	ALA	A	48.082345055123916	942	A	C
949	ALA	A	50.70461797509176	943	A	C
950	LYS	K	51.83470058754076	944	K	C
951	GLY	G	48.9089658549432	945	G	C
952	VAL	V	44.73756370210607	946	V	C
953	PRO	P	44.10682374644539	947	P	C
954	ASP	D	42.28949795161913	948	D	C
955	TRP	W	39.087613907732965	949	W	C
956	ALA	A	40.273170746788715	950	A	C
957	ALA	A	40.770809386128185	951	A	C
958	ARG	R	37.046555912797054	952	R	C
959	LEU	L	35.680719345327105	953	L	C
960	PRO	P	35.427669934671115	954	P	C
961	ASP	D	39.5838925448218	955	D	C
962	GLU	E	35.741561045930816	956	E	C
963	LEU	L	33.482414697867874	957	L	C
964	LEU	L	39.413339125225086	958	L	C
965	GLU	E	39.24296687305891	959	E	C
966	ALA	A	37.07343718890924	960	A	C
967	GLN	Q	36.78112734813874	961	Q	C
968	PRO	P	36.34885410848601	962	P	C
969	ASN	N	33.270976255589495	963	N	C
970	ALA	A	31.31065464023388	964	A	C
971	ILE	I	29.264326559823644	965	I	C
972	VAL	V	26.730702740481775	966	V	C
973	SER	S	26.67472097323605	967	S	C
974	THR	T	23.43637576503669	968	T	C
975	PRO	P	23.56127055147917	969	P	C
976	VAL	V	19.573221656130073	970	V	C
977	PHE	F	20.518297931358717	971	F	C
978	ASP	D	25.78722328983871	972	D	C
979	GLY	G	27.72434358104803	973	G	C
980	ALA	A	28.806037943458985	974	A	C
981	GLN	Q	29.673394379477383	975	Q	C
982	GLU	E	31.25614859511644	976	E	C
983	ALA	A	34.4814614829476	977	A	C
984	GLU	E	33.30250071691313	978	E	C
985	LEU	L	30.19858556290343	979	L	C
986	GLN	Q	35.21362659539627	980	Q	C
987	GLY	G	37.74764045606028	981	G	C
988	LEU	L	34.63253942465091	982	L	C
989	LEU	L	34.7997156597579	983	L	C
990	SER	S	39.658265431054836	984	S	C
991	CYS	C	40.94756650889036	985	C	C
992	THR	T	37.87245635022897	986	T	C
993	LEU	L	41.08214214229828	987	L	C
994	PRO	P	43.459620730052386	988	P	C
995	ASN	N	42.890089892654686	989	N	C
996	ARG	R	44.39643938425692	990	R	C
997	ASP	D	46.69743664271091	991	D	C
998	GLY	G	47.84680249504661	992	G	C
999	ASP	D	44.180792217885816	993	D	C
1000	VAL	V	42.55215580907739	994	V	C
1001	LEU	L	40.22343292161921	995	L	C
1002	VAL	V	36.85882046403547	996	V	C
1003	ASP	D	38.689722614668604	997	D	C
1004	ALA	A	38.132219591835984	998	A	C
1005	ASP	D	35.569332703889735	999	D	C
1006	GLY	G	34.50850170610135	1000	G	C
1007	LYS	K	36.178216249561004	1001	K	C
1008	ALA	A	37.648150273286994	1002	A	C
1009	MET	M	40.350798777719376	1003	M	C
1010	LEU	L	35.981526204428846	1004	L	C
1011	PHE	F	40.40184302726795	1005	F	C
1012	ASP	D	39.65947548821089	1006	D	C
1013	GLY	G	40.56377769636353	1007	G	C
1014	ARG	R	36.01284552767248	1008	R	C
1015	SER	S	43.36906033107012	1009	S	C
1016	GLY	G	45.27301573785426	1010	G	C
1017	GLU	E	44.13903104962772	1011	E	C
1018	PRO	P	43.90312329436256	1012	P	C
1019	PHE	F	38.36738553771941	1013	F	C
1020	PRO	P	42.22280787678621	1014	P	C
1021	TYR	Y	39.61598245657931	1015	Y	C
1022	PRO	P	37.56580043071091	1016	P	C
1023	VAL	V	34.243160616391705	1017	V	C
1024	THR	T	31.42503832933222	1018	T	C
1025	VAL	V	32.357533002378275	1019	V	C
1026	GLY	G	29.737891821714594	1020	G	C
1027	TYR	Y	26.899831839623083	1021	Y	C
1028	MET	M	22.708294938193834	1022	M	C
1029	TYR	Y	19.758855154082173	1023	Y	C
1030	ILE	I	19.168028328443167	1024	I	C
1031	MET	M	13.889357976522883	1025	M	C
1032	LYS	K	14.12145736105165	1026	K	C
1033	LEU	L	12.058082683411985	1027	L	C
1034	HIS	H	9.623646606146757	1028	H	C
1035	HIS	H	8.681770844706742	1029	H	C
1036	LEU	L	14.088483133396586	1030	L	C
1037	VAL	V	16.744464458441186	1031	V	C
1038	ASP	D	17.225418456455568	1032	D	C
1039	ASP	D	13.729721228051208	1033	D	C
1040	LYS	K	9.159414446349723	1034	K	C
1041	ILE	I	15.598466751575295	1035	I	C
1042	HIS	H	16.056067700405357	1036	H	C
1043	ALA	A	19.029246700802425	1037	A	C
1044	ARG	R	21.06215672717303	1038	R	C
1045	SER	S	24.2594033933236	1039	S	C
1046	THR	T	25.20097039798269	1040	T	C
1047	GLY	G	24.494870850853662	1041	G	C
1048	PRO	P	21.735935636636405	1042	P	C
1049	TYR	Y	23.263298906217074	1043	Y	C
1050	SER	S	21.65849888611858	1044	S	C
1051	MET	M	23.638978277412924	1045	M	C
1052	ILE	I	22.950623346654442	1046	I	C
1053	THR	T	22.31433785708193	1047	T	C
1054	GLN	Q	24.89051614571302	1048	Q	C
1055	GLN	Q	20.635207922383525	1049	Q	C
1056	PRO	P	19.179707453451947	1050	P	C
1057	LEU	L	17.339477904481452	1051	L	C
1058	GLY	G	13.965583482260946	1052	G	C
1059	GLY	G	13.040057438523814	1053	G	C
1060	LYS	K	13.522338407243044	1054	K	C
1061	ALA	A	14.702491897634221	1055	A	C
1062	GLN	Q	14.265546396826183	1056	Q	C
1063	PHE	F	18.07844047477547	1057	F	C
1064	GLY	G	17.557858041344346	1058	G	C
1065	GLY	G	16.025791244116476	1059	G	C
1066	GLN	Q	14.344973858463453	1060	Q	C
1067	ARG	R	14.970918776080518	1061	R	C
1068	PHE	F	18.080164241510648	1062	F	C
1069	GLY	G	17.934308294439475	1063	G	C
1070	GLU	E	19.151131402609096	1064	E	C
1071	MET	M	17.4821667421404	1065	M	C
1072	GLU	E	16.486875659141738	1066	E	C
1073	CYS	C	22.121676676961005	1067	C	C
1074	TRP	W	22.074912140255503	1068	W	C
1075	ALA	A	23.80124377002177	1069	A	C
1076	MET	M	25.689209310525708	1070	M	C
1077	GLN	Q	27.1972832834458	1071	Q	C
1078	ALA	A	28.896938349935976	1072	A	C
1079	TYR	Y	27.712347825473035	1073	Y	C
1080	GLY	G	31.948413606938292	1074	G	C
1081	ALA	A	30.620479176524995	1075	A	C
1082	ALA	A	31.951409452479567	1076	A	C
1083	TYR	Y	31.642732546352565	1077	Y	C
1084	THR	T	28.313699917177914	1078	T	C
1085	LEU	L	26.353394202644953	1079	L	C
1086	GLN	Q	29.53407030871296	1080	Q	C
1087	GLU	E	28.269728615605782	1081	E	C
1088	LEU	L	24.580423613111307	1082	L	C
1089	LEU	L	24.070081969116767	1083	L	C
1090	THR	T	28.088166422890616	1084	T	C
1091	ILE	I	29.038769447068525	1085	I	C
1092	LYS	K	25.04918970745363	1086	K	C
1093	SER	S	23.666665734741763	1087	S	C
1094	ASP	D	26.16658940328296	1088	D	C
1095	ASP	D	29.143240193911186	1089	D	C
1096	THR	T	31.210882220789596	1090	T	C
1097	VAL	V	33.83502293482303	1091	V	C
1098	GLY	G	33.19849809855863	1092	G	C
1099	ARG	R	28.24574649394135	1093	R	C
1100	VAL	V	32.90483789657685	1094	V	C
1101	LYS	K	35.43581050293616	1095	K	C
1102	VAL	V	32.65229446761744	1096	V	C
1103	TYR	Y	31.216672740700606	1097	Y	C
1104	GLU	E	36.31974121603842	1098	E	C
1105	ALA	A	38.047657615154186	1099	A	C
1106	ILE	I	32.90412080575928	1100	I	C
1107	VAL	V	36.22901203455596	1101	V	C
1108	LYS	K	40.03806000544983	1102	K	C
1109	GLY	G	40.87455893340013	1103	G	C
1110	GLU	E	40.13826953170752	1104	E	C
1111	ASN	N	39.61596053360313	1105	N	C
1112	ILE	I	34.946317087784806	1106	I	C
1113	PRO	P	36.78495997007473	1107	P	C
1114	GLU	E	37.31943523152514	1108	E	C
1115	PRO	P	34.03673215806712	1109	P	C
1116	GLY	G	34.01191279537216	1110	G	C
1117	ILE	I	32.945373772352326	1111	I	C
1118	PRO	P	29.749200812794957	1112	P	C
1119	GLU	E	29.602505383835336	1113	E	C
1120	SER	S	26.192829572232167	1114	S	C
1121	PHE	F	29.244767634570128	1115	F	C
1122	LYS	K	31.631366220889046	1116	K	C
1123	VAL	V	28.16520670969769	1117	V	C
1124	LEU	L	28.755659286477837	1118	L	C
1125	LEU	L	32.6528896271065	1119	L	C
1126	LYS	K	33.196064013674864	1120	K	C
1127	GLU	E	26.945921157013732	1121	E	C
1128	LEU	L	32.13784676981331	1122	L	C
1129	GLN	Q	35.19688004639047	1123	Q	C
1130	SER	S	31.85470152112557	1124	S	C
1131	LEU	L	29.957957490456526	1125	L	C
1132	CYS	C	35.75226769031582	1126	C	C
1133	LEU	L	33.95126274529419	1127	L	C
1134	ASN	N	39.595199847961375	1128	N	C
1135	VAL	V	37.124489141266295	1129	V	C
1136	GLU	E	40.84806897516698	1130	E	C
1137	VAL	V	39.304715149712	1131	V	C
1138	LEU	L	43.20676286184838	1132	L	C
1139	SER	S	45.839710852054914	1133	S	C
1140	SER	S	47.5758659301121	1134	S	C
1141	ASP	D	50.06234422197986	1135	D	C
1142	GLY	G	49.663481966128806	1136	G	C
1143	ALA	A	47.238887465731025	1137	A	C
1144	ALA	A	46.27669722441306	1138	A	C
1145	ILE	I	43.21699375245807	1139	I	C
1146	GLU	E	42.3594472461575	1140	E	C
1147	LEU	L	38.13635527944432	1141	L	C
1148	ARG	R	35.55836738378185	1142	R	C
1149	GLU	E	40.76440850791288	1143	E	C
1150	GLY	G	43.76264266472033	1144	G	C
1151	GLU	E	45.82763079191418	1145	E	C
1152	ASP	D	46.24204650531807	1146	D	C
1153	GLU	E	47.709928054860875	1147	E	C
